RNG Hexa,RNG Index,Frame 1,Frame 2,Frame 3,Frame 4,Frame 5,Frame 6,Frame 7,Frame 8,Frame 9,Frame 10
00000001,000,1de5b942,963cb5e4,1f132481,XX,XX,XX,832b19d2,XX,ad8f1b2f,XX
00000001,999,00000000,00000000,00000000,XX,XX,XX,XX,XX,XX,XX
d5343fb9,200,94d7a0ef,f737a34e,84edc151,57c40b48,e448491a,5c1254c3,de324485,f84dabec,c66f58e8,56239dd0
a1cc6c26,201,c0a195a4,475efb0c,3c943e6a,177e9238,0bdcca0f,f1e5cfeb,a39acfe0,42f28d28,e4c76ff2,b529f0c4
5e56886f,202,ab72b642,dbd9bb9b,dfc08010,2c3db8b7,4995e33b,8a77897a,d6607727,65571478,0492167d,57a549a7
78a7e3e4,203,13a4fcf3,7736b5cf,36d51986,1c691da5,dd8d7f15,3fd243f2,1a78ba72,79b017ce,3b7f6680,6be6c01c
08e81195,204,1a7810b8,02e38676,87e0de90,b8376211,046105ab,336e6856,afec54a0,73523390,fcd6505d,14f65e90
fc4fa552,205,2d528d8b,c2871ff7,b4884322,863e5d92,8b884469,6dd1af2e,d49fe573,e9a85bc6,7b158652,310f33c5
bc7e8cab,206,8dc8ba24,7d989565,518fe47f,b310c66b,810ee7d2,baebd548,98f4af23,4d853166,5a87717a,d0dd6c22
eb2653f0,207,bc6f7f6b,012b9f1b,26b420d6,a10dde07,e84d7918,00883f54,2df13d55,1e0ed631,ae3557bc,60cdd4b7
93e46731,208,e495a82e,7b126138,e9834d6c,ced8b04d,20ccb60f,XX,XX,XX,XX,XX
6e551f3e,209,b214b907,dae46100,e8353384,8cc06018,27259cf6,e1950dd1,99198687,0f165a68,b7dde642,7639d58b
cbfe2aa7,210,e6a158a5,a724a877,ec9e9f26,f8480c98,5b07b29b,235757ef,8debd6e5,2024f151,66395212,e922c08b
6d59a2bc,211,deb141c0,86855a41,6f2009e2,af49ddf9,1f2bbdd2,859cf804,9ba72040,d95a04c6,24a8014b,cef7251a
c0c6dc8d,212,1a5abc71,2cbc3d7f,80810e05,f64681ed,2c139014,add81785,385edcc9,744e3290,72420cf9,aef44c4d
54fec5ea,213,c27bee08,3ceef98b,380b2841,e70af471,d6e548c7,f8d2664f,4993fb5b,83de05c9,a9195650,7dd85449
c5fb5e63,214,7409276a,14e4b790,e8c7bde4,7088822c,52be4cbc,ec7fb7e3,e44d6bc6,9ac0db17,0bf20d69,2fde85a6
ac789c48,215,9d513e17,a7184ae2,4f2061a4,c916a267,2d5b2b7d,0f32a8a2,b8590df9,2ad1d362,4c9f31bd,0e226cc5
d8cccda9,216,a3a6a408,ed1ce2f5,a27ba6da,5c539174,799afe87,38fc5077,4ed6d550,628e9bee,543cb19d,1a83f6bb
d01b4556,217,e75bd064,f1bed1ed,e7f5b88f,b75c7821,2b351ee8,d17b6219,6a98f5bc,d867e2bc,b77e6b48,d6c999bb
4db1e3df,218,79a75a6a,90efb237,642ba000,156b6755,07a71d07,27357eaa,201c0103,66c8e34a,c78f52b1,aca8692e
23e4cc94,219,b5ff1bbd,8b7ac174,170646e7,c3f19152,42cee504,7f5bb682,f667b614,d482d1ee,7f5392ca,b580b0d1
292f5685,220,2b1ca25d,d4ff924a,9e5bc8b4,84ae59e7,0fc75ae6,29a91721,cae7d15f,af195f7f,e39c68c6,c97855c4
b8d20982,221,5c9ceacc,9e497663,d7c628fd,52f916e0,da4f1333,0fcd776d,36e1f1f2,721c485c,926c6286,04b6f0fa
b42f371b,222,7559eccc,b2413b3a,6cad7144,71c42b5e,e1a639e6,6a20cbba,cc62dff7,561f5c06,e0954b12,863ceef8
e6b67fa0,223,24868a4e,719254ab,43f18ed2,557991f0,bbb29c62,94afd860,bf2c880f,726fe060,84600525,f8d83fc7
843f5321,224,e8bc80d1,771a68d6,fc85b5d4,49c44b72,e715a0e1,77bc0278,3c89692f,5c63a55b,2736188d,97d043dc
710f3e6e,225,22f990b2,6821d95b,bab1c7c0,f6dabc84,6eb7650f,dd838789,f82d2cf3,6cca5536,6cc24e9a,d1ef1e24
8dce9417,226,7e414e9d,8c4a9cad,499e4c37,7f149755,da016a3b,c0ef01a7,b241280b,8f74c570,a475644b,55d8214d
a008c16c,227,8fed958f,b307c75b,aacc02a4,a6ff4fdf,a380f6da,4d595c55,1b236675,4e9a20d8,dad2c4cb,5017aa7d
5a415f7d,228,75347ccc,73a8075c,ce3006b7,af733737,e02169d3,645136e5,1956b8b8,6f2e5971,1e178aa3,cadfe7cd
f7afd01a,229,c9fd97c2,7f73483f,1e578cb2,c4b726c7,733c9981,62454fe9,2f77b5f5,d843e38d,2eadece6,c4bf4d9a
1574f6d3,230,3f8b3fa7,525c2c16,ed00e584,c9d11793,a8d19f02,b573d861,fb734c6a,43951cb2,4327ee6a,387f5388
16055df8,231,998809c9,9d5b197d,b4a33c52,8393e740,e3b8c6cf,7a0b0807,d542d6d9,a2ab265e,90849281,04f0e0c4
4609d799,232,66638907,fd03ad6f,9b5a7d9a,ef0929d9,c91f1b72,382f511a,9d7bb7c6,c2247de8,b19e2095,5fbaf282
6d6d6a86,233,ca0e709b,3ca14561,d139bc7f,7a0c9240,26e242bb,f86c63a7,cac31839,48c9408f,8ee9c88c,8be6793d
998d1b4f,234,0ff6a39b,f95da2a2,6f6c0e28,6178cdb7,18012cc3,340c8134,04c8a152,87d59554,e7ad8e92,8088484c
3bb0e144,235,e43245b1,5d2a6d72,8b460268,8846a4c1,f4280e67,0dbe8695,3f55e9b5,25eee933,faa955b5,f96d9a9f
a958d775,236,7babad56,90daffea,c0172693,2415F668,0489de84,9cd070a0,fd1613cd,5bbe02cb,e2a26137,6412f247
f68a79b2,237,315695fb,e8307457,19773e02,59def0c1,9e15c443,914a93c2,4d14bce6,abe28d4f,25feb490,01faccaa
eec37d8b,238,d31e9a30,a64dec87,dcd40a86,5db16b3d,ada569dc,3ab13526,76c45567,de84a7bb,ea52a5f2,609e93d9
9d769750,239,75d28672,35319437,72416a8b,6727b8e7,e92df902,0f1e2c1e,f256a693,a65c29d8,a1c89d27,6f8ee5ba
b4f63b11,240,827c68f2,78d78ed9,d8c0fa5b,a27579d4,4ae06727,e0564ace,d8a2ae6b,b78a03df,72c194d7,1ed160a5
a53e299e,241,cd50d470,e98441e1,48bfd224,5411a8cd,b11f72f6,0acb4073,6162309f,75d54243,aad93bc1,2364f9fd
a4825987,242,ba375dc4,679f22f3,c708f29e,03da090c,38162dda,f59b7a5c,8e45e763,fc605afc,f2c37d34,8048f3e7
b4748c1c,243,f48e6f0a,874c679f,ae1b31d8,80934d75,3fee0f97,5a214e85,8dcde50f,c3b46eca,b84dc7dc,87ee5aa3
f88d9e6d,244,fb0ecd8c,f3d4b776,9014c75e,189f073e,000d2e50,028fdff4,cce5cb3f,f4f713f5,916cebec,46fa9045
d8e0664a,245,5a04b7ff,8733f31e,62b1be86,08c87df1,5c628b75,c1b6e5b3,6132bd23,21b62f99,6e971fda,b3b41117
772dab43,246,a2aaf636,67616a9b,77ac50bc,293047c8,8dc6bff6,5bdd7f5d,059e8587,536d1dae,e8f69943,131e0e19
6c878ba8,247,59f8b8aa,e007d265,055ed31e,137d3519,beb2613f,c8d6f21c,dbbaabba,8cbe86ec,33bf274e,7ee7ea16
564a5d89,248,c5edca15,ef31545a,955789c0,512c6b07,f9409e9d,38dd11fa,afe27eab,ca4ee1fa,8434f9c4,694d76f9
3dd5dbb6,249,bdb69045,9b56e00c,5c08f666,ae160670,ca6697ec,e4b762ae,00b1adc7,1651c7f9,8ba47de5,dd786caf
3c1f2ebf,250,24ae8b83,618113f1,efd690bb,138a55c9,f82c52c1,0c4f3bd9,8b49c013,be00e0e8,0396a0cb,8bf21894
e91721f4,251,2f516dfe,0a0ecc08,7d4ce671,8d2adadf,564bf304,62785b60,25407d31,2ddb03ca,475a6720,5aafb03d
f6339465,252,de1e483f,9ead89fc,179958d4,5f002716,145c44f4,490e704d,a6a59472,909db398,b54066e8,c66463b0
5a3bf5e2,253,7429c8ce,54125799,eb0a99f8,aa1f7fb9,5478fc69,a5aff7b7,3a7cbd74,7d48e5a4,b9f18376,10aad6b3
43625ffb,254,a9eea69c,d0908c7c,fd36fbeb,fe61ba74,30f43ab1,1511384c,dbd898c3,c488c778,b25ef585,51f438a7
54a19b00,255,924c6c5b,a8262b73,013cfb4d,cb531ee5,2ce07a41,aef9bc10,aaaa6b98,cbd35378,86e4bc35,9665dd68
95481f01,256,e0d41bc3,a2ab1e36,b04ff734,0a11d8a7,b5724d76,3bfc9fb3,2c7ec735,8c3c0afc,5df08e25,5f7b0768
5354e0ce,257,3e38b121,ba0f8e18,097bfc17,c102c57c,bbad14f5,e2b8e6b5,3aafe4da,220c7b6d,81e8f657,f4674a2c
eb307af7,258,4dbba441,ba881f0a,9d90786d,5ec68266,0b6a3f57,e8337647,06c06cc5,816a0d3b,357a34aa,d689b13c
470802cc,259,99c439ec,1d29d465,97bdcf5a,31023e4e,aad0065b,7e424bda,8bd43f68,be41c8ed,63c4896f,aee44cdb
4c5a995d,260,53a8a955,f7f5807c,0ef7b9d2,a1ad4844,5f44ee83,87d43e24,4bbb3d72,3b6acb1b,274d5562,23ea2bbd
57b3887a,261,e5a0f154,a9240c98,2f325703,7679e6ff,18e4ed8c,XX,XX,XX,XX,XX
e12c7bb3,262,59885cda,2d563741,a1880aad,8173425c,efe67a4e,c6e8be19,96f91297,b9b6e368,62ebf3ed,137f31ce
0e9a2558,263,5c3532f4,00112262,56cf9476,87c86f1c,65ed0bc7,cda0932b,8a7576ee,f5abc80d,da0c66c0,988d18ac
aaad5f79,264,1a486769,fd9b3c9c,XX,XX,XX,XX,XX,XX,XX,XX
da2798e6,265,ef3699b8,98b4917d,74306b5e,aeedd482,a33146b6,c957e546,78c85f18,d210ff44,4d45d88f,cbe2b680
4d5f1e2f,266,35b5aea2,f31b2367,3069fe87,ca616881,fa650e7e,6bfe9bad,fa7df545,616ceb1e,e9b12f1f,34fab85a
e7e28ea4,267,d0727656,4637f300,8a558ffb,9c2129ea,9863ced7,e53ab05d,9207a12e,ae964a61,5ab8ae43,6ccc7541
c04e8d55,268,0c4a8608,d316d620,f76c8a34,bb20fa85,ff275b73,cfef540c,17e17a17,32022876,95585b08,96b24b7e
89697e12,269,037e73ff,43ec1abf,368608c8,c76a57ee,d50710e1,5af2f55b,3f35a279,a14e1d2d,b07744bf,03060633
e2f2de6b,270,3c6efcdb,02bbd8b6,ac0af1ca,9e218d0f,ed033c0c,f8f7cca5,76b9eb8d,1b05d42d,e9810b7c,065311ae
f0328ab0,271,00ae4ccf,cd0512d7,a6033088,5fe99b9d,9e6ffca4,1f519bd7,c3e5b2e0,96e65ad4,1baba68a,e3e1f12a
7433fef1,272,753292b6,afab2660,b0d51f23,8d4f8279,ead1310a,ed564746,9734796c,49b3c77a,d29379a0,921f5b78
b08663fe,273,e32da173,b354f11b,731a5fa7,7205df9e,c69f0ee1,da82b93d,76f4f5ca,c6fa8628,063ce695,64feda09
92aff867,274,73e50146,1c3970f3,6e9976aa,d9ee575d,6812ae47,a5399a41,9bef6fcf,f7140d54,cb003369,066adbd2
5eee257c,275,480be1d4,89416f0f,4b544ece,76f42c5b,6925bc5f,b9893f49,53b08d91,ac3c99dd,1b4296a8,96c12d68
4217504d,276,9aa74e94,72d710f7,cc7d94be,30012efd,20675460,bcdb4765,3df5b8bd,784439e7,7dcddec1,e1116cdb
6c0c36aa,277,a3eae7ee,a1cb2c2b,3db86764,cdf8e5cb,0c59b44d,0f6fa8a4,06649a74,89109586,99b291d1,9701af32
5b386823,278,10b865aa,9d54d14a,59fb07df,ed7c8d59,c67066c8,f6a7ec5b,7dbb001c,8d06d09e,407e22f4,ac0cbc1e
51982b08,279,fafe2d5d,4e673071,401a01ee,c8f64544,e51dcdf0,607c30f8,cdc4087e,d8650052,8aac34d4,9b77afd6
3c11dd69,280,086a909e,b4fc7492,d1abf483,82629408,f228f365,504ad9ac,beed3c48,fc8f469b,9e20d2b9,67760eee
dff5a216,281,4c79cb3f,291e08dd,cd305d1a,60b3bfe9,49d066d5,a186f901,XX,XX,XX,XX
7303e99f,282,19a7dc07,0ad8877a,671c3c65,403de7a9,d83075e7,0f834455,f561ef0b,b9f42ebf,dc5c4c02,754c5bd5
369e2754,283,d8e48fad,95011e91,edd615ee,816e7dea,3e6b9f7b,30f7cec0,d097129e,05ae99aa,663e072f,ce114f4d
ebf8c245,284,d3f3d092,2a652500,b207c0ee,6ce53834,049d6c5e,575016c7,b4bf0873,ac73e0b0,cef941fc,18a39b42
5a561242,285,bf3e1b69,2f03a4cc,086e0be8,f59695e1,90a73aa1,0f055986,9fe7fd74,55bb9b54,98cfba01,09de0047
c81bf8db,286,79f9f700,91493a61,1b0e3727,ac9370f9,fc86c274,34da97c6,191b9cfe,238fc9f0,3f66bbdd,83f721fc
a2e46660,287,a8c1a239,98a8425e,e4ccc416,f073e2bc,6d8130da,21014e67,e84abc4f,5065f5ed,68159989,e2962c54
7078dae1,288,1a99527c,90810f68,7e01f41c,9154e73e,5c4f5895,990b4940,94190e11,10b90ba0,63afe905,a57b29eb
0ec5b32e,289,98cbf22d,53a5e39e,6ed9ef0b,0e1ff469,6acf6ccb,f641670b,cfb66259,4e01efa6,1409a3d2,223cc41e
9197d1d7,290,abcc06aa,69505df7,0e421479,115502fa,606ec9e5,3770a25f,8f30d6b9,905ac272,a55ac7f8,1e5e559c
